{
  "Platform" : [
    0.9597374,
    0.4770722,
    1.136635,
    0.7398192,
    1.346743,
    0.9579441,
    1.560187,
    1.125342,
    1.803059,
    0.9548647,
    1.962698,
    0.8002309,
    2.133886,
    0.6751989
  ],
  "Door" : [
    2.329633,
    0.6772733
  ]
}