{
  "Platform" : [
    0.9601473,
    0.5464465,
    1.048979,
    0.7591822,
    0.9653007,
    0.9492338,
    0.965168,
    1.666308,
    1.160942,
    1.954808,
    0.9621277,
    2.990374,
    1.065678,
    2.995431,
    1.187736,
    3.002011,
    0.9793954,
    3.448014,
    1.09235,
    3.451994,
    1.218571,
    3.461401,
    1.054649,
    2.691571
  ],
  "Door" : [
    1.063855,
    3.235432
  ]
}