{
  "Turret" : [
    1.061307,
    1.541184,
    -1
  ],
  "Platform" : [
    0.9689116,
    1.71085,
    0.9704912,
    0.8883463,
    1.104403,
    0.907362,
    0.9807111,
    0.6527573
  ],
  "Door" : [
    1.06937,
    2.080118
  ],
  "Tree" : [
    1.067922,
    1.074793
  ]
}