{
  "JumpPad" : [
    1.062292,
    0.5993088
  ],
  "Platform" : [
    1.730828,
    0.8015706
  ],
  "Door" : [
    1.921313,
    0.8056887
  ]
}