{
  "Tree" : [
    1.06709,
    0.5861705,
    1.065091,
    1.896192
  ],
  "Door" : [
    1.065477,
    2.611991
  ],
  "Turret":[
  1.05,2]
}