{
  "JumpPad" : [
    1.056206,
    0.7224038,
    1.729337,
    1.09904
  ],
  "Platform" : [
    1.541285,
    0.9592212,
    1.541336,
    1.08806,
    2.284615,
    1.235375
  ],
  "Door" : [
    2.478158,
    1.240985
  ]
}