{
  "Platform" : [
    0.963685,
    1.725875,
    1.104059,
    1.950304,
    1.212958,
    2.14593,
    1.310258,
    2.328006,
    1.403934,
    2.488701
  ],
  "Door" : [
    1.600505,
    2.501174
  ]
}