{
  "Platform" : [
    0.9673904,
    0.4510631,
    1.074301,
    0.66483,
    1.172299,
    0.8579533,
    1.275887,
    1.033861,
    1.556091,
    1.217078,
    1.328578,
    1.465449
  ],
  "Door" : [
    1.524511,
    1.469331
  ]
}