{
  "Platform" : [
    0.9633416,
    0.7686576,
    1.076191,
    0.9779835,
    1.184016,
    1.16203,
    1.299396,
    1.329988,
    1.204163,
    1.490306,
    1.107615,
    1.652514,
    1.003341,
    1.829627
  ],
  "Door" : [
    1.061634,
    2.22741
  ]
}