{
  "Platform" : [
    0.9759634,
    2.047714,
    1.231311,
    2.336128,
    1.439284,
    2.583873,
    1.596097,
    2.824844,
    1.832553,
    3.058712
  ],
  "Door" : [
    2.027855,
    3.064524
  ]
}